{
  "pathResult": "C:/Users/fparment/Documents/AzFinOps/Data/GetAzVmUsage/",
  "fileResult": "GetAzVmUsage",
  "chronoFile": "N",
  "generateLogFile": "Y",
  "checkIfLogIn": "Y",
  "subscriptionsScope": {
    "scope": "C:/Users/fparment/Documents/AzFinOps/Data/Alstom/subscriptions.csv",
    "delimiter": ";"
  },
  "metrics": {
    "cpuUsage": "Percentage CPU",
    "memoryAvailable": "Available Memory Bytes",
    "retentionDays": 30,
    "timeGrain": "01:00:00"
  },
  "limitCountCpu": 70,
  "limitCountMem": 80,
  "saveEvery": 100
}